[{"pid":0,"ph":"i","name":"Memory sample","ts":1531244675083000,"args":{"JVM stats":"heap_memory_usage: 152039224\nnon_heap_memory_usage: 88986192\nloaded_class_count: 11367\nthread_count: 22\ngarbage_collection_stats {\n  name: \"PS Scavenge\"\n  gc_collections: 0\n  gc_time: 0\n}\ngarbage_collection_stats {\n  name: \"PS MarkSweep\"\n  gc_collections: 0\n  gc_time: 0\n}\n"}},{"pid":0,"ph":"i","name":"Memory sample","ts":1531244715139000,"args":{"JVM stats":"heap_memory_usage: 99923560\nnon_heap_memory_usage: 106610968\nloaded_class_count: 13146\nthread_count: 22\ngarbage_collection_stats {\n  name: \"PS Scavenge\"\n  gc_collections: 4\n  gc_time: 149\n}\ngarbage_collection_stats {\n  name: \"PS MarkSweep\"\n  gc_collections: 1\n  gc_time: 269\n}\n"}},{"pid":1,"tid":2,"id":2,"name":"base plugin project configure","args":{"span_id":"2","project":"id: 1\nandroid_plugin_version: \"3.0.0\"\nandroid_plugin: APPLICATION\nplugin_generation: FIRST\nbuild_tools_version: \"27.0.3\"\ncompile_sdk: \"android-25\"\nsplits {\n}\n"},"ph":"X","ts":1531244675099000,"dur":47000},{"pid":1,"tid":2,"id":3,"name":"base plugin project base extension creation","args":{"span_id":"3","project":"id: 1\nandroid_plugin_version: \"3.0.0\"\nandroid_plugin: APPLICATION\nplugin_generation: FIRST\nbuild_tools_version: \"27.0.3\"\ncompile_sdk: \"android-25\"\nsplits {\n}\n"},"ph":"X","ts":1531244675146000,"dur":109000},{"pid":1,"tid":2,"id":5,"name":"task manager create tasks","args":{"span_id":"5","project":"id: 1\nandroid_plugin_version: \"3.0.0\"\nandroid_plugin: APPLICATION\nplugin_generation: FIRST\nbuild_tools_version: \"27.0.3\"\ncompile_sdk: \"android-25\"\nsplits {\n}\n"},"ph":"X","ts":1531244675255000,"dur":31000},{"pid":1,"tid":2,"id":4,"name":"base plugin project tasks creation","args":{"span_id":"4","project":"id: 1\nandroid_plugin_version: \"3.0.0\"\nandroid_plugin: APPLICATION\nplugin_generation: FIRST\nbuild_tools_version: \"27.0.3\"\ncompile_sdk: \"android-25\"\nsplits {\n}\n"},"ph":"X","ts":1531244675255000,"dur":31000},{"pid":1,"tid":2,"id":8,"name":"variant manager create variants","args":{"span_id":"8","project":"id: 1\nandroid_plugin_version: \"3.0.0\"\nandroid_plugin: APPLICATION\nplugin_generation: FIRST\nbuild_tools_version: \"27.0.3\"\ncompile_sdk: \"android-25\"\nsplits {\n}\n"},"ph":"X","ts":1531244675887000,"dur":120000},{"pid":1,"tid":2,"id":9,"name":"variant manager create tests tasks","args":{"span_id":"9","project":"id: 1\nandroid_plugin_version: \"3.0.0\"\nandroid_plugin: APPLICATION\nplugin_generation: FIRST\nbuild_tools_version: \"27.0.3\"\ncompile_sdk: \"android-25\"\nsplits {\n}\n"},"ph":"X","ts":1531244676007000,"dur":16000},{"pid":1,"tid":2,"id":11,"name":"app task manager create merge manifest task","args":{"span_id":"11","project":"id: 1\nandroid_plugin_version: \"3.0.0\"\nandroid_plugin: APPLICATION\nplugin_generation: FIRST\nbuild_tools_version: \"27.0.3\"\ncompile_sdk: \"android-25\"\nsplits {\n}\n","variant":"id: 1\nis_debug: true\nminify_enabled: false\nuse_multidex: false\nuse_legacy_multidex: false\nvariant_type: APPLICATION\nmin_sdk_version {\n  api_level: 21\n}\ntarget_sdk_version {\n  api_level: 25\n}\ndex_builder: DX_DEXER\ndex_merger: DX_MERGER\n"},"ph":"X","ts":1531244676070000,"dur":31000},{"pid":1,"tid":2,"id":12,"name":"app task manager create generate res values task","args":{"span_id":"12","project":"id: 1\nandroid_plugin_version: \"3.0.0\"\nandroid_plugin: APPLICATION\nplugin_generation: FIRST\nbuild_tools_version: \"27.0.3\"\ncompile_sdk: \"android-25\"\nsplits {\n}\n","variant":"id: 1\nis_debug: true\nminify_enabled: false\nuse_multidex: false\nuse_legacy_multidex: false\nvariant_type: APPLICATION\nmin_sdk_version {\n  api_level: 21\n}\ntarget_sdk_version {\n  api_level: 25\n}\ndex_builder: DX_DEXER\ndex_merger: DX_MERGER\n"},"ph":"X","ts":1531244676101000,"dur":100},{"pid":1,"tid":2,"id":13,"name":"app task manager create create renderscript task","args":{"span_id":"13","project":"id: 1\nandroid_plugin_version: \"3.0.0\"\nandroid_plugin: APPLICATION\nplugin_generation: FIRST\nbuild_tools_version: \"27.0.3\"\ncompile_sdk: \"android-25\"\nsplits {\n}\n","variant":"id: 1\nis_debug: true\nminify_enabled: false\nuse_multidex: false\nuse_legacy_multidex: false\nvariant_type: APPLICATION\nmin_sdk_version {\n  api_level: 21\n}\ntarget_sdk_version {\n  api_level: 25\n}\ndex_builder: DX_DEXER\ndex_merger: DX_MERGER\n"},"ph":"X","ts":1531244676101000,"dur":16000},{"pid":1,"tid":2,"id":14,"name":"app task manager create merge resources task","args":{"span_id":"14","project":"id: 1\nandroid_plugin_version: \"3.0.0\"\nandroid_plugin: APPLICATION\nplugin_generation: FIRST\nbuild_tools_version: \"27.0.3\"\ncompile_sdk: \"android-25\"\nsplits {\n}\n","variant":"id: 1\nis_debug: true\nminify_enabled: false\nuse_multidex: false\nuse_legacy_multidex: false\nvariant_type: APPLICATION\nmin_sdk_version {\n  api_level: 21\n}\ntarget_sdk_version {\n  api_level: 25\n}\ndex_builder: DX_DEXER\ndex_merger: DX_MERGER\n"},"ph":"X","ts":1531244676117000,"dur":31000},{"pid":1,"tid":2,"id":15,"name":"app task manager create merge assets task","args":{"span_id":"15","project":"id: 1\nandroid_plugin_version: \"3.0.0\"\nandroid_plugin: APPLICATION\nplugin_generation: FIRST\nbuild_tools_version: \"27.0.3\"\ncompile_sdk: \"android-25\"\nsplits {\n}\n","variant":"id: 1\nis_debug: true\nminify_enabled: false\nuse_multidex: false\nuse_legacy_multidex: false\nvariant_type: APPLICATION\nmin_sdk_version {\n  api_level: 21\n}\ntarget_sdk_version {\n  api_level: 25\n}\ndex_builder: DX_DEXER\ndex_merger: DX_MERGER\n"},"ph":"X","ts":1531244676148000,"dur":100},{"pid":1,"tid":2,"id":16,"name":"app task manager create build config task","args":{"span_id":"16","project":"id: 1\nandroid_plugin_version: \"3.0.0\"\nandroid_plugin: APPLICATION\nplugin_generation: FIRST\nbuild_tools_version: \"27.0.3\"\ncompile_sdk: \"android-25\"\nsplits {\n}\n","variant":"id: 1\nis_debug: true\nminify_enabled: false\nuse_multidex: false\nuse_legacy_multidex: false\nvariant_type: APPLICATION\nmin_sdk_version {\n  api_level: 21\n}\ntarget_sdk_version {\n  api_level: 25\n}\ndex_builder: DX_DEXER\ndex_merger: DX_MERGER\n"},"ph":"X","ts":1531244676164000,"dur":100},{"pid":1,"tid":2,"id":17,"name":"app task manager create process res task","args":{"span_id":"17","project":"id: 1\nandroid_plugin_version: \"3.0.0\"\nandroid_plugin: APPLICATION\nplugin_generation: FIRST\nbuild_tools_version: \"27.0.3\"\ncompile_sdk: \"android-25\"\nsplits {\n}\n","variant":"id: 1\nis_debug: true\nminify_enabled: false\nuse_multidex: false\nuse_legacy_multidex: false\nvariant_type: APPLICATION\nmin_sdk_version {\n  api_level: 21\n}\ntarget_sdk_version {\n  api_level: 25\n}\ndex_builder: DX_DEXER\ndex_merger: DX_MERGER\n"},"ph":"X","ts":1531244676164000,"dur":140000},{"pid":1,"tid":2,"id":18,"name":"app task manager create aidl task","args":{"span_id":"18","project":"id: 1\nandroid_plugin_version: \"3.0.0\"\nandroid_plugin: APPLICATION\nplugin_generation: FIRST\nbuild_tools_version: \"27.0.3\"\ncompile_sdk: \"android-25\"\nsplits {\n}\n","variant":"id: 1\nis_debug: true\nminify_enabled: false\nuse_multidex: false\nuse_legacy_multidex: false\nvariant_type: APPLICATION\nmin_sdk_version {\n  api_level: 21\n}\ntarget_sdk_version {\n  api_level: 25\n}\ndex_builder: DX_DEXER\ndex_merger: DX_MERGER\n"},"ph":"X","ts":1531244676304000,"dur":100},{"pid":1,"tid":2,"id":19,"name":"app task manager create shader task","args":{"span_id":"19","project":"id: 1\nandroid_plugin_version: \"3.0.0\"\nandroid_plugin: APPLICATION\nplugin_generation: FIRST\nbuild_tools_version: \"27.0.3\"\ncompile_sdk: \"android-25\"\nsplits {\n}\n","variant":"id: 1\nis_debug: true\nminify_enabled: false\nuse_multidex: false\nuse_legacy_multidex: false\nvariant_type: APPLICATION\nmin_sdk_version {\n  api_level: 21\n}\ntarget_sdk_version {\n  api_level: 25\n}\ndex_builder: DX_DEXER\ndex_merger: DX_MERGER\n"},"ph":"X","ts":1531244676304000,"dur":16000},{"pid":1,"tid":2,"id":20,"name":"app task manager create ndk task","args":{"span_id":"20","project":"id: 1\nandroid_plugin_version: \"3.0.0\"\nandroid_plugin: APPLICATION\nplugin_generation: FIRST\nbuild_tools_version: \"27.0.3\"\ncompile_sdk: \"android-25\"\nsplits {\n}\n","variant":"id: 1\nis_debug: true\nminify_enabled: false\nuse_multidex: false\nuse_legacy_multidex: false\nvariant_type: APPLICATION\nmin_sdk_version {\n  api_level: 21\n}\ntarget_sdk_version {\n  api_level: 25\n}\ndex_builder: DX_DEXER\ndex_merger: DX_MERGER\n"},"ph":"X","ts":1531244676320000,"dur":15000},{"pid":1,"tid":2,"id":21,"name":"app task manager create external native build task","args":{"span_id":"21","project":"id: 1\nandroid_plugin_version: \"3.0.0\"\nandroid_plugin: APPLICATION\nplugin_generation: FIRST\nbuild_tools_version: \"27.0.3\"\ncompile_sdk: \"android-25\"\nsplits {\n}\n","variant":"id: 1\nis_debug: true\nminify_enabled: false\nuse_multidex: false\nuse_legacy_multidex: false\nvariant_type: APPLICATION\nmin_sdk_version {\n  api_level: 21\n}\ntarget_sdk_version {\n  api_level: 25\n}\ndex_builder: DX_DEXER\ndex_merger: DX_MERGER\n"},"ph":"X","ts":1531244676335000,"dur":100},{"pid":1,"tid":2,"id":22,"name":"app task manager create merge jnilibs folders task","args":{"span_id":"22","project":"id: 1\nandroid_plugin_version: \"3.0.0\"\nandroid_plugin: APPLICATION\nplugin_generation: FIRST\nbuild_tools_version: \"27.0.3\"\ncompile_sdk: \"android-25\"\nsplits {\n}\n","variant":"id: 1\nis_debug: true\nminify_enabled: false\nuse_multidex: false\nuse_legacy_multidex: false\nvariant_type: APPLICATION\nmin_sdk_version {\n  api_level: 21\n}\ntarget_sdk_version {\n  api_level: 25\n}\ndex_builder: DX_DEXER\ndex_merger: DX_MERGER\n"},"ph":"X","ts":1531244676335000,"dur":32000},{"pid":1,"tid":2,"id":23,"name":"app task manager create compile task","args":{"span_id":"23","project":"id: 1\nandroid_plugin_version: \"3.0.0\"\nandroid_plugin: APPLICATION\nplugin_generation: FIRST\nbuild_tools_version: \"27.0.3\"\ncompile_sdk: \"android-25\"\nsplits {\n}\n","variant":"id: 1\nis_debug: true\nminify_enabled: false\nuse_multidex: false\nuse_legacy_multidex: false\nvariant_type: APPLICATION\nmin_sdk_version {\n  api_level: 21\n}\ntarget_sdk_version {\n  api_level: 25\n}\ndex_builder: DX_DEXER\ndex_merger: DX_MERGER\n"},"ph":"X","ts":1531244676367000,"dur":93000},{"pid":1,"tid":2,"id":24,"name":"app task manager create packaging task","args":{"span_id":"24","project":"id: 1\nandroid_plugin_version: \"3.0.0\"\nandroid_plugin: APPLICATION\nplugin_generation: FIRST\nbuild_tools_version: \"27.0.3\"\ncompile_sdk: \"android-25\"\nsplits {\n}\n","variant":"id: 1\nis_debug: true\nminify_enabled: false\nuse_multidex: false\nuse_legacy_multidex: false\nvariant_type: APPLICATION\nmin_sdk_version {\n  api_level: 21\n}\ntarget_sdk_version {\n  api_level: 25\n}\ndex_builder: DX_DEXER\ndex_merger: DX_MERGER\n"},"ph":"X","ts":1531244676476000,"dur":31000},{"pid":1,"tid":2,"id":25,"name":"app task manager create lint task","args":{"span_id":"25","project":"id: 1\nandroid_plugin_version: \"3.0.0\"\nandroid_plugin: APPLICATION\nplugin_generation: FIRST\nbuild_tools_version: \"27.0.3\"\ncompile_sdk: \"android-25\"\nsplits {\n}\n","variant":"id: 1\nis_debug: true\nminify_enabled: false\nuse_multidex: false\nuse_legacy_multidex: false\nvariant_type: APPLICATION\nmin_sdk_version {\n  api_level: 21\n}\ntarget_sdk_version {\n  api_level: 25\n}\ndex_builder: DX_DEXER\ndex_merger: DX_MERGER\n"},"ph":"X","ts":1531244676507000,"dur":100},{"pid":1,"tid":2,"id":10,"name":"variant manager create tasks for variant","args":{"span_id":"10","project":"id: 1\nandroid_plugin_version: \"3.0.0\"\nandroid_plugin: APPLICATION\nplugin_generation: FIRST\nbuild_tools_version: \"27.0.3\"\ncompile_sdk: \"android-25\"\nsplits {\n}\n","variant":"id: 1\nis_debug: true\nminify_enabled: false\nuse_multidex: false\nuse_legacy_multidex: false\nvariant_type: APPLICATION\nmin_sdk_version {\n  api_level: 21\n}\ntarget_sdk_version {\n  api_level: 25\n}\ndex_builder: DX_DEXER\ndex_merger: DX_MERGER\n"},"ph":"X","ts":1531244676023000,"dur":484000},{"pid":1,"tid":2,"id":26,"name":"variant manager create tasks for variant","args":{"span_id":"26","project":"id: 1\nandroid_plugin_version: \"3.0.0\"\nandroid_plugin: APPLICATION\nplugin_generation: FIRST\nbuild_tools_version: \"27.0.3\"\ncompile_sdk: \"android-25\"\nsplits {\n}\n"},"ph":"X","ts":1531244676507000,"dur":63000},{"pid":1,"tid":2,"id":28,"name":"app task manager create merge manifest task","args":{"span_id":"28","project":"id: 1\nandroid_plugin_version: \"3.0.0\"\nandroid_plugin: APPLICATION\nplugin_generation: FIRST\nbuild_tools_version: \"27.0.3\"\ncompile_sdk: \"android-25\"\nsplits {\n}\n","variant":"id: 2\nis_debug: false\nminify_enabled: false\nuse_multidex: false\nuse_legacy_multidex: false\nvariant_type: APPLICATION\nmin_sdk_version {\n  api_level: 21\n}\ntarget_sdk_version {\n  api_level: 25\n}\ndex_builder: DX_DEXER\ndex_merger: DX_MERGER\n"},"ph":"X","ts":1531244676585000,"dur":100},{"pid":1,"tid":2,"id":29,"name":"app task manager create generate res values task","args":{"span_id":"29","project":"id: 1\nandroid_plugin_version: \"3.0.0\"\nandroid_plugin: APPLICATION\nplugin_generation: FIRST\nbuild_tools_version: \"27.0.3\"\ncompile_sdk: \"android-25\"\nsplits {\n}\n","variant":"id: 2\nis_debug: false\nminify_enabled: false\nuse_multidex: false\nuse_legacy_multidex: false\nvariant_type: APPLICATION\nmin_sdk_version {\n  api_level: 21\n}\ntarget_sdk_version {\n  api_level: 25\n}\ndex_builder: DX_DEXER\ndex_merger: DX_MERGER\n"},"ph":"X","ts":1531244676585000,"dur":100},{"pid":1,"tid":2,"id":30,"name":"app task manager create create renderscript task","args":{"span_id":"30","project":"id: 1\nandroid_plugin_version: \"3.0.0\"\nandroid_plugin: APPLICATION\nplugin_generation: FIRST\nbuild_tools_version: \"27.0.3\"\ncompile_sdk: \"android-25\"\nsplits {\n}\n","variant":"id: 2\nis_debug: false\nminify_enabled: false\nuse_multidex: false\nuse_legacy_multidex: false\nvariant_type: APPLICATION\nmin_sdk_version {\n  api_level: 21\n}\ntarget_sdk_version {\n  api_level: 25\n}\ndex_builder: DX_DEXER\ndex_merger: DX_MERGER\n"},"ph":"X","ts":1531244676585000,"dur":100},{"pid":1,"tid":2,"id":31,"name":"app task manager create merge resources task","args":{"span_id":"31","project":"id: 1\nandroid_plugin_version: \"3.0.0\"\nandroid_plugin: APPLICATION\nplugin_generation: FIRST\nbuild_tools_version: \"27.0.3\"\ncompile_sdk: \"android-25\"\nsplits {\n}\n","variant":"id: 2\nis_debug: false\nminify_enabled: false\nuse_multidex: false\nuse_legacy_multidex: false\nvariant_type: APPLICATION\nmin_sdk_version {\n  api_level: 21\n}\ntarget_sdk_version {\n  api_level: 25\n}\ndex_builder: DX_DEXER\ndex_merger: DX_MERGER\n"},"ph":"X","ts":1531244676585000,"dur":100},{"pid":1,"tid":2,"id":32,"name":"app task manager create merge assets task","args":{"span_id":"32","project":"id: 1\nandroid_plugin_version: \"3.0.0\"\nandroid_plugin: APPLICATION\nplugin_generation: FIRST\nbuild_tools_version: \"27.0.3\"\ncompile_sdk: \"android-25\"\nsplits {\n}\n","variant":"id: 2\nis_debug: false\nminify_enabled: false\nuse_multidex: false\nuse_legacy_multidex: false\nvariant_type: APPLICATION\nmin_sdk_version {\n  api_level: 21\n}\ntarget_sdk_version {\n  api_level: 25\n}\ndex_builder: DX_DEXER\ndex_merger: DX_MERGER\n"},"ph":"X","ts":1531244676585000,"dur":100},{"pid":1,"tid":2,"id":33,"name":"app task manager create build config task","args":{"span_id":"33","project":"id: 1\nandroid_plugin_version: \"3.0.0\"\nandroid_plugin: APPLICATION\nplugin_generation: FIRST\nbuild_tools_version: \"27.0.3\"\ncompile_sdk: \"android-25\"\nsplits {\n}\n","variant":"id: 2\nis_debug: false\nminify_enabled: false\nuse_multidex: false\nuse_legacy_multidex: false\nvariant_type: APPLICATION\nmin_sdk_version {\n  api_level: 21\n}\ntarget_sdk_version {\n  api_level: 25\n}\ndex_builder: DX_DEXER\ndex_merger: DX_MERGER\n"},"ph":"X","ts":1531244676585000,"dur":100},{"pid":1,"tid":2,"id":34,"name":"app task manager create process res task","args":{"span_id":"34","project":"id: 1\nandroid_plugin_version: \"3.0.0\"\nandroid_plugin: APPLICATION\nplugin_generation: FIRST\nbuild_tools_version: \"27.0.3\"\ncompile_sdk: \"android-25\"\nsplits {\n}\n","variant":"id: 2\nis_debug: false\nminify_enabled: false\nuse_multidex: false\nuse_legacy_multidex: false\nvariant_type: APPLICATION\nmin_sdk_version {\n  api_level: 21\n}\ntarget_sdk_version {\n  api_level: 25\n}\ndex_builder: DX_DEXER\ndex_merger: DX_MERGER\n"},"ph":"X","ts":1531244676585000,"dur":100},{"pid":1,"tid":2,"id":35,"name":"app task manager create aidl task","args":{"span_id":"35","project":"id: 1\nandroid_plugin_version: \"3.0.0\"\nandroid_plugin: APPLICATION\nplugin_generation: FIRST\nbuild_tools_version: \"27.0.3\"\ncompile_sdk: \"android-25\"\nsplits {\n}\n","variant":"id: 2\nis_debug: false\nminify_enabled: false\nuse_multidex: false\nuse_legacy_multidex: false\nvariant_type: APPLICATION\nmin_sdk_version {\n  api_level: 21\n}\ntarget_sdk_version {\n  api_level: 25\n}\ndex_builder: DX_DEXER\ndex_merger: DX_MERGER\n"},"ph":"X","ts":1531244676585000,"dur":100},{"pid":1,"tid":2,"id":36,"name":"app task manager create shader task","args":{"span_id":"36","project":"id: 1\nandroid_plugin_version: \"3.0.0\"\nandroid_plugin: APPLICATION\nplugin_generation: FIRST\nbuild_tools_version: \"27.0.3\"\ncompile_sdk: \"android-25\"\nsplits {\n}\n","variant":"id: 2\nis_debug: false\nminify_enabled: false\nuse_multidex: false\nuse_legacy_multidex: false\nvariant_type: APPLICATION\nmin_sdk_version {\n  api_level: 21\n}\ntarget_sdk_version {\n  api_level: 25\n}\ndex_builder: DX_DEXER\ndex_merger: DX_MERGER\n"},"ph":"X","ts":1531244676585000,"dur":100},{"pid":1,"tid":2,"id":37,"name":"app task manager create ndk task","args":{"span_id":"37","project":"id: 1\nandroid_plugin_version: \"3.0.0\"\nandroid_plugin: APPLICATION\nplugin_generation: FIRST\nbuild_tools_version: \"27.0.3\"\ncompile_sdk: \"android-25\"\nsplits {\n}\n","variant":"id: 2\nis_debug: false\nminify_enabled: false\nuse_multidex: false\nuse_legacy_multidex: false\nvariant_type: APPLICATION\nmin_sdk_version {\n  api_level: 21\n}\ntarget_sdk_version {\n  api_level: 25\n}\ndex_builder: DX_DEXER\ndex_merger: DX_MERGER\n"},"ph":"X","ts":1531244676585000,"dur":100},{"pid":1,"tid":2,"id":38,"name":"app task manager create external native build task","args":{"span_id":"38","project":"id: 1\nandroid_plugin_version: \"3.0.0\"\nandroid_plugin: APPLICATION\nplugin_generation: FIRST\nbuild_tools_version: \"27.0.3\"\ncompile_sdk: \"android-25\"\nsplits {\n}\n","variant":"id: 2\nis_debug: false\nminify_enabled: false\nuse_multidex: false\nuse_legacy_multidex: false\nvariant_type: APPLICATION\nmin_sdk_version {\n  api_level: 21\n}\ntarget_sdk_version {\n  api_level: 25\n}\ndex_builder: DX_DEXER\ndex_merger: DX_MERGER\n"},"ph":"X","ts":1531244676585000,"dur":100},{"pid":1,"tid":2,"id":39,"name":"app task manager create merge jnilibs folders task","args":{"span_id":"39","project":"id: 1\nandroid_plugin_version: \"3.0.0\"\nandroid_plugin: APPLICATION\nplugin_generation: FIRST\nbuild_tools_version: \"27.0.3\"\ncompile_sdk: \"android-25\"\nsplits {\n}\n","variant":"id: 2\nis_debug: false\nminify_enabled: false\nuse_multidex: false\nuse_legacy_multidex: false\nvariant_type: APPLICATION\nmin_sdk_version {\n  api_level: 21\n}\ntarget_sdk_version {\n  api_level: 25\n}\ndex_builder: DX_DEXER\ndex_merger: DX_MERGER\n"},"ph":"X","ts":1531244676585000,"dur":16000},{"pid":1,"tid":2,"id":40,"name":"app task manager create compile task","args":{"span_id":"40","project":"id: 1\nandroid_plugin_version: \"3.0.0\"\nandroid_plugin: APPLICATION\nplugin_generation: FIRST\nbuild_tools_version: \"27.0.3\"\ncompile_sdk: \"android-25\"\nsplits {\n}\n","variant":"id: 2\nis_debug: false\nminify_enabled: false\nuse_multidex: false\nuse_legacy_multidex: false\nvariant_type: APPLICATION\nmin_sdk_version {\n  api_level: 21\n}\ntarget_sdk_version {\n  api_level: 25\n}\ndex_builder: DX_DEXER\ndex_merger: DX_MERGER\n"},"ph":"X","ts":1531244676601000,"dur":100},{"pid":1,"tid":2,"id":41,"name":"app task manager create packaging task","args":{"span_id":"41","project":"id: 1\nandroid_plugin_version: \"3.0.0\"\nandroid_plugin: APPLICATION\nplugin_generation: FIRST\nbuild_tools_version: \"27.0.3\"\ncompile_sdk: \"android-25\"\nsplits {\n}\n","variant":"id: 2\nis_debug: false\nminify_enabled: false\nuse_multidex: false\nuse_legacy_multidex: false\nvariant_type: APPLICATION\nmin_sdk_version {\n  api_level: 21\n}\ntarget_sdk_version {\n  api_level: 25\n}\ndex_builder: DX_DEXER\ndex_merger: DX_MERGER\n"},"ph":"X","ts":1531244676601000,"dur":100},{"pid":1,"tid":2,"id":42,"name":"app task manager create lint task","args":{"span_id":"42","project":"id: 1\nandroid_plugin_version: \"3.0.0\"\nandroid_plugin: APPLICATION\nplugin_generation: FIRST\nbuild_tools_version: \"27.0.3\"\ncompile_sdk: \"android-25\"\nsplits {\n}\n","variant":"id: 2\nis_debug: false\nminify_enabled: false\nuse_multidex: false\nuse_legacy_multidex: false\nvariant_type: APPLICATION\nmin_sdk_version {\n  api_level: 21\n}\ntarget_sdk_version {\n  api_level: 25\n}\ndex_builder: DX_DEXER\ndex_merger: DX_MERGER\n"},"ph":"X","ts":1531244676601000,"dur":100},{"pid":1,"tid":2,"id":27,"name":"variant manager create tasks for variant","args":{"span_id":"27","project":"id: 1\nandroid_plugin_version: \"3.0.0\"\nandroid_plugin: APPLICATION\nplugin_generation: FIRST\nbuild_tools_version: \"27.0.3\"\ncompile_sdk: \"android-25\"\nsplits {\n}\n","variant":"id: 2\nis_debug: false\nminify_enabled: false\nuse_multidex: false\nuse_legacy_multidex: false\nvariant_type: APPLICATION\nmin_sdk_version {\n  api_level: 21\n}\ntarget_sdk_version {\n  api_level: 25\n}\ndex_builder: DX_DEXER\ndex_merger: DX_MERGER\n"},"ph":"X","ts":1531244676570000,"dur":31000},{"pid":1,"tid":2,"id":43,"name":"variant manager create tasks for variant","args":{"span_id":"43","project":"id: 1\nandroid_plugin_version: \"3.0.0\"\nandroid_plugin: APPLICATION\nplugin_generation: FIRST\nbuild_tools_version: \"27.0.3\"\ncompile_sdk: \"android-25\"\nsplits {\n}\n"},"ph":"X","ts":1531244676601000,"dur":16000},{"pid":1,"tid":2,"id":44,"name":"variant manager create tasks for variant","args":{"span_id":"44","project":"id: 1\nandroid_plugin_version: \"3.0.0\"\nandroid_plugin: APPLICATION\nplugin_generation: FIRST\nbuild_tools_version: \"27.0.3\"\ncompile_sdk: \"android-25\"\nsplits {\n}\n"},"ph":"X","ts":1531244676617000,"dur":46000},{"pid":1,"tid":2,"id":7,"name":"variant manager create android tasks","args":{"span_id":"7","project":"id: 1\nandroid_plugin_version: \"3.0.0\"\nandroid_plugin: APPLICATION\nplugin_generation: FIRST\nbuild_tools_version: \"27.0.3\"\ncompile_sdk: \"android-25\"\nsplits {\n}\n"},"ph":"X","ts":1531244675882000,"dur":813000},{"pid":1,"tid":2,"id":45,"name":"variant manager external native config values","args":{"span_id":"45","project":"id: 1\nandroid_plugin_version: \"3.0.0\"\nandroid_plugin: APPLICATION\nplugin_generation: FIRST\nbuild_tools_version: \"27.0.3\"\ncompile_sdk: \"android-25\"\nsplits {\n}\n"},"ph":"X","ts":1531244676710000,"dur":100},{"pid":1,"tid":2,"id":6,"name":"base plugin create android tasks","args":{"span_id":"6","project":"id: 1\nandroid_plugin_version: \"3.0.0\"\nandroid_plugin: APPLICATION\nplugin_generation: FIRST\nbuild_tools_version: \"27.0.3\"\ncompile_sdk: \"android-25\"\nsplits {\n}\n"},"ph":"X","ts":1531244675286000,"dur":1424000},{"pid":1,"tid":2,"id":46,"name":"base plugin build finished","args":{"span_id":"46","project":"id: 1\nandroid_plugin_version: \"3.0.0\"\nandroid_plugin: APPLICATION\nplugin_generation: FIRST\nbuild_tools_version: \"27.0.3\"\ncompile_sdk: \"android-25\"\nsplits {\n}\n"},"ph":"X","ts":1531244715108000,"dur":100}]